{
	"Brighton": 0.04803030303030303,
	"Varane": -0.03984848484848485,
	"Conte": 0.05454545454545454,
	"Manchester United": 0.08480519480519481,
	"Man Utd": 0.09389610389610391,
	"Sinn Fein": 0.11017119244391971,
	"Maguire": 0.021212121212121213,
	"Spurs": 0.10734126984126985,
	"Daily Quordle 104": 0.0,
	"McTominay": -0.021742424242424254,
	"Tottenham": 0.06931818181818182,
	"Bristol Rovers": 0.14696969696969697,
	"Canelo": 0.012121212121212121,
	"Ralf": 0.04090909090909091,
	"Northampton": 0.09039256198347106,
	"Anfield": 0.03994949494949495,
	"Pogba": 0.08376623376623377,
	"Starmer": 0.10227075954348681,
	"Luton": 0.05138601928374655,
	"Wolves": 0.0606060606060606,
	"Wanda": 0.0036363636363636593,
	"Joey Barton": 0.07670454545454546,
	"Lindelof": -0.02090909090909091,
	"Chandler": -0.041477272727272745,
	"Emerson": 0.10365513392857141,
	"Dr Strange": 0.01886363636363637,
	"Rose": 0.3143939393939394,
	"Khabib": -0.0342929292929293,
	"Michael Oliver": -0.05757575757575759,
	"Romero": -0.054545454545454536,
	"Tuchel": 0.07432031352485897,
	"Ten Hag": 0.0032293599257884986,
	"James Corden": 0.030647382920110187,
	"Kane": -0.007196969696969702,
	"Bentancur": -0.08181818181818182,
	"Taliban": -0.10325198002754819,
	"Fabinho": 0.09532828282828283,
	"Origi": 0.07116161616161616,
	"MOTD": 0.18613636363636363,
	"Hojbjerg": 0.07196248196248195,
	"Rich Strike": 0.33690476190476193,
	"Alliance": 0.05899990161353799,
	"Villa": 0.05227272727272727,
	"Wordle 323 X": 0.07272727272727274,
	"Lukaku": 0.0,
	"Cucurella": 0.16944444444444443,
	"Trent": 0.05454545454545456,
	"Jota": -0.029040404040404033,
	"Giannis": 0.11098484848484849,
	"Werner": 0.05429653679653679,
	"Ralph": 0.0846590909090909,
	"Elanga": 0.02453020464384101,
	"Davies": 0.2037878787878788,
	"Labour": 0.14053030303030303,
	"Tories": 0.10597943722943723,
	"Usyk": 0.19414715335169885,
	"McGregor": 0.08106060606060606,
	"Liverpool": 0.16943903318903322,
	"Bottas": 0.1321074380165289,
	"Seville": 0.10530303030303029,
	"Tony Ferguson": 0.15151515151515152,
	"Gaethje": 0.04481787572696663,
	"Union": 0.12385543749180114,
	"Welbeck": 0.01225895316804408,
	"Lewis": 0.01363636363636364,
	"Tatum": 0.05714285714285714,
	"Oliveira": 0.10481000481000481,
	"Telles": 0.03636363636363637,
	"Foyle": 0.017294372294372296,
	"Warriors": -0.0390741833923652,
	"London": 0.13983766233766234,
	"Lisa Nandy": 0.12301948051948051,
	"Up the Reds": 0.1404834874721238,
	"Leeds": 0.1233044733044733,
	"Hoddle": 0.06755411255411255,
	"Diaz": 0.0,
	"Klopp": 0.019242424242424252,
	"Esparza": -0.06201298701298701,
	"Sessegnon": 0.11231746031746033,
	"Ben Davies": 0.1575757575757576,
	"Eddie Hearn": -0.035050505050505054,
	"Ireland": 0.06191735537190084,
	"Azpi": -0.001010101010101013,
	"Simeone": 0.03801652892561984,
	"Pulisic": 0.1058802308802309,
	"Klay": -0.009343434343434346,
	"Pat Barry": 0.1552538370720189,
	"Do Bronx": 0.045454545454545456,
	"Conor": 0.09162431196732955,
	"Sir David Attenborough": 0.21636363636363634,
	"Raab": 0.10031114718614718,
	"Watford": 0.1063131313131313,
	"De Gea": 0.11257575757575757,
	"GAME DAY": 0.035607782369146,
	"Protocol": 0.09544593663911848,
	"United Kingdom": 0.0715909090909091,
	"BAFTAs": 0.12583333333333335,
	"Saiss": -0.038636363636363635,
	"Saul": -0.06477272727272727,
	"Graham Potter": 0.19242424242424241,
	"Poirier": 0.12806758056758058,
	"Ncuti Gatwa": 0.25391578118850844,
	"Dr Who": 0.16521608126721765,
	"Matt Smith": -0.024810606060606064,
	"Chelsea": 0.12368358913813458,
	"Tony": -0.05606060606060604,
	"Afghanistan": -0.0010732323232323245,
	"Hodgson": 0.1287878787878788,
	"Draw": -0.04034090909090909,
	"Shogun": 0.0815140036730946,
	"90s Heardle": 0.005681818181818182,
	"Sam Kerr": 0.37407388618326126,
	"Wrexham": 0.14901515151515152,
	"Jodie": 0.1535615899252263,
	"Firpo": 0.014696969696969698,
	"David Tennant": 0.08863636363636364,
	"Buendia": 0.06363636363636363,
	"Huddersfield": 0.07045454545454545,
	"Oxbridge": 0.09755411255411256,
	"Millwall": 0.13939393939393938,
	"Sarr": 0.06785714285714285,
	"Beterbiev": 0.048973063973063974,
	"Charles Oliveira": 0.09541606541606541,
	"Russell T Davies": 0.09469972451790634,
	"Cedric": 0.10389610389610392,
	"FULL TIME": 0.15913299663299663,
	"Chiquinho": 0.0,
	"Stamford Bridge": 0.13113636363636363,
	"Caicedo": 0.0,
	"George Perez": 0.17003345139708775,
	"Sainz": 0.05454545454545454,
	"The DUP": 0.020441919191919188,
	"Wigan": 0.06937229437229436,
	"League 2": 0.19769666360575452,
	"Coady": 0.1125,
	"Elliot Anderson": 0.12279614325068872,
	"Lingard": -0.02954545454545453,
	"Hamilton": 0.09314738292011021,
	"Montana Love": 0.28010667903525044,
	"Nationalist": -0.006091527520098955,
	"Kingsmeadow": 0.13845598845598847,
	"Joffy": 0.3498316498316499,
	"Emma Hayes": 0.028030303030303037,
	"League Two": 0.13580329813284361,
	"Jrue": 0.05586580086580087,
	"Randy Brown": 0.29280303030303034,
	"What a KO": 0.06844815340909091,
	"El Cucuy": 0.02047398849346902,
	"Stuart Dallas": 0.045238095238095216,
	"HALF TIME": 0.032741477272727276,
	"Finch Farm": 0.001740893786348341,
	"Trincao": -0.03253896103896104,
	"Charity FC": -0.021629279811097992,
	"Chalobah": -0.038834776334776326,
	"Palace": 0.010984848484848486,
	"Dalot": 0.07613636363636364,
	"Cavani": 0.0,
	"Thiago": 0.03598484848484848,
	"Divock": 0.12828282828282828,
	"Verstappen": 0.2863636363636364,
	"Poole": 0.05378787878787879,
	"MATCH DAY": 0.1318181818181818,
	"Stockport": 0.14667748917748918,
	"Big Rom": -0.004166666666666667,
	"Burnley": 0.19065656565656564,
	"Ronalod": 0.06401515151515151,
	"Amex": 0.03213842975206611,
	"Sess": 0.18109208972845336,
	"Trinaldo": -0.0803030303030303,
	"joey barton": 0.07670454545454546,
	"Dominic Raab": 0.09870129870129872,
	"Mayweather": -0.016515151515151514,
	"Sir Keir": -0.006428596655869385,
	"Eric": 0.11136363636363637,
	"Jo Martin": 0.1092950609996065,
	"Raphinha": -0.045454545454545456,
	"Eddie": 0.18806818181818183,
	"Loftus": -0.08320707070707072,
	"Coutinho": 0.09905844155844155,
	"Munster": 0.32416371507280595,
	"Alcaraz": 0.075,
	"Ja Morant": -0.1700413223140496,
	"Mr Rules": 0.0019841269841269797,
	"Boy George": 0.2585315820543093,
	"Meslier": 0.06893939393939395,
	"Sheffield United": 0.08636363636363636,
	"Kovacic": 0.0764413616686344,
	"Konate": 0.04363636363636363,
	"Lando": -0.04649908172635446,
	"Ricciardo": 0.10455266955266955,
	"Bucks": -0.007907319952774505,
	"Grizzlies": 0.06984848484848484,
	"Charlie Olives": 0.09772727272727275,
	"Irish Sea": 0.015607573127104373,
	"Arlene": 0.06109848484848485,
	"Stormont": -0.024953703703703704,
	"Capaldi": 0.045354753471636595,
	"North London Forever": 0.12207792207792206,
	"Ayling": 0.032310606060606074,
	"Martinelli": -0.045454545454545456,
	"Odegaard": 0.08014069264069264,
	"Henry Arundell": 0.004545454545454544,
	"Boro": 0.0881542699724518,
	"Roy Hodgson": 0.10582743014561197,
	"Up the Gas": 0.08788961038961038,
	"Todd Boehly": 0.11494872972145699,
	"Sonny": 0.1575757575757576,
	"Jordan Poole": 0.04292929292929293,
	"Northern Ireland": 0.18165420438147709,
	"Fraser Nelson": 0.0196969696969697,
	"Bielsa": -0.03409090909090909,
	"Holgate": 0.07647497704315888,
	"Xhaka": 0.15505050505050505,
	"Nyland": 0.13657407407407407,
	"Chambers": 0.07606060606060606,
	"Martinez": 0.048051948051948054,
	"Digne": 0.0,
	"Mendy": 0.11818181818181818,
	"Mctominay": -0.021742424242424254,
	"Bissouma": 0.2528409090909091,
	"Kulusevski": 0.037199374699374704,
	"Russell": 0.2590909090909091,
	"Tsimikas": 0.04958333333333333,
	"Albion": 0.013106060606060609,
	"michael oliver": -0.05757575757575759,
	"lindelof": -0.02090909090909091,
	"motd": 0.18613636363636363,
	"United Ireland": 0.026390692640692635,
	"Mel Morris": -0.03276515151515151,
	"Yerry Mina": 0.02843204775022957,
	"Lacazette": -0.03666666666666667,
	"Arsenal": 0.11181818181818182,
	"Leicester": 0.0363961038961039,
	"Turf Moor": -0.18239267676767676,
	"Danny Ings": 0.17026084710743802,
	"Charlie Adam": 0.17668240850059036,
	"McGinn": 0.16298701298701299,