{
	"Brighton": 0.22053030303030302,
	"Varane": 0.17833333333333334,
	"Conte": 0.22272727272727275,
	"Manchester United": 0.09454545454545454,
	"Man Utd": 0.12181818181818183,
	"Sinn Fein": 0.30533254624163714,
	"Maguire": 0.47651515151515156,
	"Spurs": 0.3209776334776335,
	"Daily Quordle 104": 0.0,
	"McTominay": 0.4737554112554113,
	"Tottenham": 0.32878787878787874,
	"Bristol Rovers": 0.2797979797979798,
	"Canelo": 0.09924242424242426,
	"Ralf": 0.11818181818181818,
	"Northampton": 0.5441632231404958,
	"Anfield": 0.2863986013986014,
	"Pogba": 0.20014880952380956,
	"Starmer": 0.38715794306703394,
	"Luton": 0.22859848484848486,
	"Wolves": 0.20757575757575755,
	"Wanda": 0.27469696969696966,
	"Joey Barton": 0.23787878787878788,
	"Lindelof": 0.3603030303030303,
	"Chandler": 0.19311868686868686,
	"Emerson": 0.10779220779220779,
	"Dr Strange": 0.22681818181818178,
	"Rose": 0.5992424242424242,
	"Khabib": 0.40624158249158243,
	"Michael Oliver": 0.28087121212121213,
	"Romero": 0.11060606060606061,
	"Tuchel": 0.30090417158598975,
	"Ten Hag": 0.09758619356833644,
	"James Corden": 0.2865013774104683,
	"Kane": 0.21363636363636365,
	"Bentancur": 0.1,
	"Taliban": 0.32171717171717173,
	"Fabinho": 0.4189814814814815,
	"Origi": 0.3688888888888889,
	"MOTD": 0.4453787878787878,
	"Hojbjerg": 0.32130591630591626,
	"Rich Strike": 0.6248376623376622,
	"Alliance": 0.38774498229043686,
	"Villa": 0.18863636363636366,
	"Wordle 323 X": 0.06363636363636363,
	"Lukaku": 0.009090909090909092,
	"Cucurella": 0.35945165945165947,
	"Trent": 0.10404040404040403,
	"Jota": 0.11818181818181818,
	"Giannis": 0.32386363636363635,
	"Werner": 0.22346320346320345,
	"Ralph": 0.20227272727272724,
	"Elanga": 0.38050472255017703,
	"Davies": 0.3349747474747475,
	"Labour": 0.43914141414141417,
	"Tories": 0.5009469696969696,
	"Usyk": 0.36399104683195593,
	"McGregor": 0.3045454545454545,
	"Liverpool": 0.3474873737373737,
	"Bottas": 0.3678833792470156,
	"Seville": 0.23484848484848486,
	"Tony Ferguson": 0.1878787878787879,
	"Gaethje": 0.37973905723905726,
	"Union": 0.4509346713892169,
	"Welbeck": 0.3942975206611571,
	"Lewis": 0.12386363636363637,
	"Tatum": 0.36203102453102454,
	"Oliveira": 0.35647246272246275,
	"Telles": 0.03636363636363637,
	"Foyle": 0.2771500721500721,
	"Warriors": 0.21419716646989376,
	"London": 0.34824675324675325,
	"Lisa Nandy": 0.2797619047619047,
	"Up the Reds": 0.4082999639249639,
	"Leeds": 0.21435786435786436,
	"Hoddle": 0.3578138528138528,
	"Diaz": 0.0,
	"Klopp": 0.4049242424242424,
	"Esparza": 0.17824675324675324,
	"Sessegnon": 0.48162914862914863,
	"Ben Davies": 0.3277272727272727,
	"Eddie Hearn": 0.28989898989898993,
	"Ireland": 0.24004545454545453,
	"Azpi": 0.3252525252525253,
	"Simeone": 0.4022727272727273,
	"Pulisic": 0.25748556998557,
	"Klay": 0.3517676767676768,
	"Pat Barry": 0.3255755608028335,
	"Do Bronx": 0.09772727272727272,
	"Conor": 0.19053030303030302,
	"Sir David Attenborough": 0.2822727272727273,
	"Raab": 0.3091856060606061,
	"Watford": 0.4838383838383839,
	"De Gea": 0.27106060606060606,
	"GAME DAY": 0.5707305194805194,
	"Protocol": 0.3759182736455464,
	"United Kingdom": 0.17424242424242423,
	"BAFTAs": 0.20060606060606065,
	"Saiss": 0.2821273964131107,
	"Saul": 0.3540404040404041,
	"Graham Potter": 0.10606060606060605,
	"Poirier": 0.35057599807599804,
	"Ncuti Gatwa": 0.45488160829069924,
	"Dr Who": 0.3932187131050767,
	"Matt Smith": 0.12670454545454546,
	"Chelsea": 0.26787386855568673,
	"Tony": 0.2381818181818182,
	"Afghanistan": 0.31710858585858587,
	"Hodgson": 0.3032407407407407,
	"Draw": 0.1883838383838384,
	"Shogun": 0.24772727272727274,
	"90s Heardle": 0.045454545454545456,
	"Sam Kerr": 0.39752886002886,
	"Wrexham": 0.4553030303030303,
	"Jodie": 0.22253049980322712,
	"Firpo": 0.20492424242424245,
	"David Tennant": 0.21303030303030307,
	"Buendia": 0.07272727272727274,
	"Huddersfield": 0.295959595959596,
	"Oxbridge": 0.4332178932178932,
	"Millwall": 0.18787878787878787,
	"Sarr": 0.12727272727272732,
	"Beterbiev": 0.24439393939393936,
	"Charles Oliveira": 0.3160684223184223,
	"Russell T Davies": 0.3198281415554143,
	"Cedric": 0.22435064935064936,
	"FULL TIME": 0.3573232323232324,
	"Chiquinho": 0.0,
	"Stamford Bridge": 0.29651515151515145,
	"Caicedo": 0.0,
	"George Perez": 0.471482683982684,
	"Sainz": 0.06969696969696969,
	"The DUP": 0.32520202020202016,
	"Wigan": 0.270995670995671,
	"League 2": 0.35903657790021426,
	"Coady": 0.44583333333333336,
	"Elliot Anderson": 0.21122589531680439,
	"Lingard": 0.3727272727272728,
	"Hamilton": 0.22147612488521579,
	"Montana Love": 0.6182560296846011,
	"Nationalist": 0.3354609676038247,
	"Kingsmeadow": 0.23933982683982682,
	"Joffy": 0.41481481481481475,
	"Emma Hayes": 0.38257575757575757,
	"League Two": 0.40673630241812064,
	"Jrue": 0.31835497835497834,
	"Randy Brown": 0.30568181818181817,
	"What a KO": 0.37878787878787884,
	"El Cucuy": 0.26341475984333124,
	"Stuart Dallas": 0.3916305916305917,
	"HALF TIME": 0.37878787878787873,
	"Finch Farm": 0.5649556167737987,
	"Trincao": 0.10981168831168832,
	"Charity FC": 0.28215564738292015,
	"Chalobah": 0.35373654123654125,
	"Palace": 0.2874458874458874,
	"Dalot": 0.4121212121212121,
	"Cavani": 0.045454545454545456,
	"Thiago": 0.18143939393939393,
	"Divock": 0.3772727272727273,
	"Verstappen": 0.3272727272727273,
	"Poole": 0.3154040404040404,
	"MATCH DAY": 0.39621212121212124,
	"Stockport": 0.415367364117364,
	"Big Rom": 0.12462121212121215,
	"Burnley": 0.4930695847362514,
	"Ronalod": 0.21098484848484847,
	"Amex": 0.15674931129476583,
	"Sess": 0.28645021645021645,
	"Trinaldo": 0.3772727272727273,
	"joey barton": 0.23787878787878788,
	"Dominic Raab": 0.2305194805194805,
	"Mayweather": 0.174004329004329,
	"Sir Keir": 0.410284261193352,
	"Eric": 0.26325757575757575,
	"Jo Martin": 0.4405253837072019,
	"Raphinha": 0.13636363636363635,
	"Eddie": 0.4441558441558442,
	"Loftus": 0.40606060606060607,
	"Coutinho": 0.21557359307359308,
	"Munster": 0.4911427587563951,
	"Alcaraz": 0.16818181818181818,
	"Ja Morant": 0.3662649219467402,
	"Mr Rules": 0.3724050024050024,
	"Boy George": 0.4631962481962482,
	"Meslier": 0.408008658008658,
	"Sheffield United": 0.08181818181818182,
	"Kovacic": 0.2532307654466745,
	"Konate": 0.125,
	"Lando": 0.35114784205693295,
	"Ricciardo": 0.4361688311688312,
	"Bucks": 0.22043880362062182,
	"Grizzlies": 0.2587878787878788,
	"Charlie Olives": 0.18636363636363634,
	"Irish Sea": 0.390446127946128,
	"Arlene": 0.17710858585858585,
	"Stormont": 0.23342592592592595,
	"Capaldi": 0.23912056558160455,
	"North London Forever": 0.25162337662337664,
	"Ayling": 0.43068181818181817,
	"Martinelli": 0.07272727272727274,
	"Odegaard": 0.22186147186147184,
	"Henry Arundell": 0.26212121212121214,
	"Boro": 0.12707988980716253,
	"Roy Hodgson": 0.46922274695001964,
	"Up the Gas": 0.3535299422799423,
	"Todd Boehly": 0.3053565962656872,
	"Sonny": 0.18106060606060606,
	"Jordan Poole": 0.3212121212121212,
	"Northern Ireland": 0.2712186803095894,
	"Fraser Nelson": 0.11060606060606061,
	"Bielsa": 0.15643939393939393,
	"Holgate": 0.19435261707988982,
	"Xhaka": 0.19835858585858587,
	"Nyland": 0.19170875420875422,
	"Chambers": 0.18393939393939396,
	"Martinez": 0.1012987012987013,
	"Digne": 0.2209090909090909,
	"Mendy": 0.03636363636363637,
	"Mctominay": 0.4737554112554113,
	"Bissouma": 0.4710227272727273,
	"Kulusevski": 0.1498256373256373,
	"Russell": 0.32393939393939397,
	"Tsimikas": 0.41049242424242427,
	"Albion": 0.2615151515151515,
	"michael oliver": 0.28087121212121213,
	"lindelof": 0.3603030303030303,
	"motd": 0.4453787878787878,
	"United Ireland": 0.4267153679653679,
	"Mel Morris": 0.32916666666666666,
	"Yerry Mina": 0.22402433425160695,
	"Lacazette": 0.12484848484848485,
	"Arsenal": 0.32597402597402597,
	"Leicester": 0.2738961038961039,
	"Turf Moor": 0.38496302308802305,
	"Danny Ings": 0.43297176308539953,
	"Charlie Adam": 0.6233569460842189,
	"McGinn": 0.18344155844155843,
	"Exeter": 0.331267217630854,
	"Hwang": 0.0803030303030303,
	"McNeil": 0.529040404040404,
	"Boehly": 0.3829455266955267,